Name,ratings,location,description,open_hours,Opened,Closed,phone_number,Picture
Coffee Cartel,4.5,"Jl. Lb. Sari No.8, Kerobokan Kelod, Kec. Kuta Utara, Kabupaten Badung, Bali 80361","Kafe kosmopolitan dengan suasana santai menyajikan kopi premium & camilan lezat.
·
Makan di tempat
·
Bawa pulang
·
Antar tanpa bertemu",07.30–18.00,07.30,18.00,0812-3707-4458,https://lh5.googleusercontent.com/p/AF1QipN7pmTgaAbcel4NfrL4p6nCQ5xSFmePjNUSLaX0=w408-h544-k-no
Watercress Cafe,4.6,"Jl. Batu Belig No.21 A, Kerobokan Kelod, Kec. Kuta Utara, Kabupaten Badung, Bali 80361","Restoran trendi yang disukai wisatawan asing dan domestik ini menyediakan menu Barat dan Asia, plus Wi-Fi.
·
Makan di tempat
·
Bawa pulang
·
Antar tanpa bertemu",07.00–22.00,07.00,22.00,0812-3817-2422,https://lh5.googleusercontent.com/p/AF1QipO9O0T5KDrmaYNsCalW2lt5kWd6HJOv5WPL68LJ=w408-h408-k-no
Cinta cafe,4.5,"Jl. Pantai Berawa No.69, Tibubeneng, Kec. Kuta Utara, Kabupaten Badung, Bali 80361","Relaxed open-air cafe featuring a menu of comfort food, plus scenic views of rice fields.",08.00–23.00,08.00,23.00,0851-0280-8031,https://lh5.googleusercontent.com/p/AF1QipMW3ehEpj1CCddbxZa34qpoRorpVOFkAMGc0Zhd=w408-h272-k-no
Shelter Cafe Seminyak,4.4,"Jl. Drupadi 1 No.2b, Seminyak, Kec. Kuta, Kabupaten Badung, Bali 80361",· Makan di tempat · Bawa pulang · Pesan antar,08.00–16.00,08.00,16.00,0821-4706-4407,https://lh5.googleusercontent.com/p/AF1QipPKhBgy4wIe8jSuqvethtStTE7G3sK5doP85LSv=w408-h306-k-no
Unicorn Cafe Bali by Brie,4.3,"Canggu, Lapangan sempol, Jl. Sempol, Pererenan, Kec. Mengwi, Kabupaten Badung, Bali 80361",· Makan di tempat,08.00–17.00,08.00,17.00,0813-3979-4619,https://lh5.googleusercontent.com/p/AF1QipObLjaDY70dKlpOKJQGVe7kGIvSiQViju7SxRCT=w408-h306-k-no
Dear Lucy Coffee,4.7,"Jl. Dewi Sri IX No.14, Legian, Kec. Kuta, Kabupaten Badung, Bali 80361",· Makan di tempat · Bawa pulang · Antar tanpa bertemu,10.00–18.00,10.00,18.00,0877-3734-2152,https://lh5.googleusercontent.com/p/AF1QipP4bhGW4YIzmra_d6mpCX1KOC4i8HpWw5dnJT53=s451-k-no
Secret Cafe,4.6,"Jl. Siligita, Benoa, Kec. Kuta Sel., Kabupaten Badung, Bali 80361",· Makan di tempat · Bawa pulang,08.00–16.00,08.00,16.00,0812-3613-3809,https://lh5.googleusercontent.com/p/AF1QipN0g5cQ0PW0S0mNX39vtSIiWt3yGJehvf0alr71=w426-h240-k-no
Matcha Cafe Bali,4.5,"Jl. Pantai Berawa No.99, Tibubeneng, Kec. Kuta Utara, Kabupaten Badung, Bali 80361",· Makan di tempat · Bawa pulang · Antar tanpa bertemu,08.00–17.00,08.00,17.00,0812-3853-6138,https://lh5.googleusercontent.com/p/AF1QipNzgsQ0S4sChJriSoX0rLpCwGWa0m41q3Edvsed=w408-h270-k-no
Sisterfields Cafe,4.5,"Jl. Kayu Cendana No.7, Seminyak, Bali, Kabupaten Badung, Bali 80361","Kafe modern dengan kursi di dalam & luar ruangan yang menawarkan brunch khas Australia, serta koktail.
·
Makan di tempat
·
Bawa pulang
·
Pesan antar",07.00–21.00,07.00,21.00,0811-3860-507,https://lh5.googleusercontent.com/p/AF1QipOPP1Z6h0Cwis5D982x0EX-gCmjC_rCuT_k_eFD=w408-h272-k-no
ANIMA Bali Cafe & Lounge,4.9,"Jl. Dewi Sri No.101, Legian, Kec. Kuta, Kabupaten Badung, Bali 80361",· Makan di tempat · Ambil di tepi jalan · Antar tanpa bertemu,09.00–23.30,09.00,23.30,0812-3839-3787,https://lh5.googleusercontent.com/p/AF1QipO0gEpkZ7m8a9zysFVpx3TndmWNF4aW-kJCILEq=w408-h906-k-no
Cafe TGC Bali,4.6,"Jl. Bumbak Dauh, Kerobokan, Kec. Kuta Utara, Kabupaten Badung, Bali 80361",· Makan di tempat · Ambil di tepi jalan · Antar tanpa bertemu,07.00–22.00,07.00,22.00,0812-1323-1456,https://lh5.googleusercontent.com/p/AF1QipNpoqmN2k6vL4AL6KMErVVAagJgWIm3eh-_KcMQ=w408-h306-k-no
Level Up - Board Game Cafe,4.6,"Jl. Drupadi No.99L, Seminyak, Kec. Kuta, Kabupaten Badung, Bali 80361",· Makan di tempat · Bawa pulang · Antar tanpa bertemu,09.00–21.00,09.00,21.00,0882-1905-6262,https://lh5.googleusercontent.com/p/AF1QipNHyYOSmt2Ws_Fe0zVmjgxEMO4jiGF34RhKDIir=w408-h306-k-no
The Bustle Cafe,4.6,"Jl. Dewi Sri II No.23, Legian, Kec. Kuta, Kabupaten Badung, Bali 80361",· Makan di tempat · Bawa pulang,08.00–20.00,08.00,20.00,0819-1352-1689,https://lh5.googleusercontent.com/p/AF1QipMBULUXiFshdMISJnvB04TWaVdaTxms9z5P819s=w408-h544-k-no
Canvas Cafe,4.8,"Jl. Hang Tuah No.45, Sanur Kaja, Denpasar Selatan, Kota Denpasar, Bali 80227",· Makan di tempat · Bawa pulang · Antar tanpa bertemu,07.00–22.00,07.00,22.00,0813-5385-7878,https://lh5.googleusercontent.com/p/AF1QipOf2-JcgdpvoUSBkxaZWAanUVE2QnzH1VajBPvh=w408-h510-k-no
Milk & Madu Canggu,4.5,"Jl. Pantai Batu Bolong No.92, Canggu, Kec. Kuta Utara, Kabupaten Badung, Bali 80361",· Makan di tempat · Bawa pulang · Antar tanpa bertemu,07.00–22.00,07.00,22.00,0813-5389-6153,https://lh5.googleusercontent.com/p/AF1QipMcxFfzXfKhAtUUA3hiQ3Cf-9eEgfZhIRlCCS5p=w408-h612-k-no
Milk & Madu Berawa,4.6,"Jl. Pantai Berawa No.52, Tibubeneng, Kec. Kuta Utara, Kabupaten Badung, Bali 80361","Burger, pizza & makanan rumahan lainnya di kafe terbuka bernuansa santai yang menawarkan menu anak-anak.
·
Makan di tempat
·
Bawa pulang
·
Antar tanpa bertemu",07.00–22.00,07.00,22.00,0851-0278-1872,https://lh5.googleusercontent.com/p/AF1QipMc5dr1VTGoliU-UfDHksVnK16sTQgJGw8Hvpwm=w408-h272-k-no
Downtime Cafe,4.7,"Jl. Gn. Tangkuban Perahu No.8E, Kerobokan Kelod, Kec. Kuta Utara, Kabupaten Badung, Bali 80361",· Makan di tempat · Bawa pulang · Antar tanpa bertemu,08.00–21.00,08.00,21.00,0813-3827-8756,https://lh5.googleusercontent.com/p/AF1QipPH8fsm2QIK2cuYmR2nX4sRjq9k4nNFzY0n5IEH=w408-h306-k-no
Kopi & Kue,4.1,"Bali Garden Beach Resort, Jl. Kartika Plaza, Kuta, Kec. Kuta, Kabupaten Badung, Bali 80361",· Makan di tempat · Bawa pulang,08.00–21.00,08.00,21.00,(0361)752725,https://lh5.googleusercontent.com/p/AF1QipNQ0jruwtxTZgzqdSye4ESfzATO2KY-kJ_K6q8=s457-k-no
The Dusty Cafe,4.3,"Jl. Camplung Tanduk No.4, Seminyak, Kec. Kuta, Kabupaten Badung, Bali 80361",· Makan di tempat · Bawa pulang,08.30–22.00,08.30,22.00,0821-4645-2051,https://lh5.googleusercontent.com/p/AF1QipMOPkwbMTDFr-YOiUYq-NcYViwzJ2fGr6cw-Lcq=w408-h279-k-no
Obelix Cafe,4.9,"Jl. Dewi Saraswati No.4, Seminyak, Kec. Kuta, Kabupaten Badung, Bali 80361",· Makan di tempat · Bawa pulang · Pesan antar,11.00–02.00,11.00,02.00,0822-4504-4616,https://lh5.googleusercontent.com/p/AF1QipOGnTRBAmF1qR4u5iwEkl_HQN0YD0e_j4n0REo9=w408-h306-k-no
Eko Cafe,4.5,"Jl. Bumbak Dauh No.89x, Kerobokan, Kec. Kuta Utara, Kabupaten Badung, Bali 80361",· Makan di tempat · Bawa pulang · Antar tanpa bertemu,08.00–16.30,08.00,16.30,0812-3770-9989,https://lh5.googleusercontent.com/p/AF1QipOmlr4eM4esZww1e88yKz-a2TODB3PQK_xVi4Ir=w408-h272-k-no
Cafe La Pasion,4.6,"Jl. Pantai Balangan, Jimbaran, Uluwatu, Kabupaten Badung, Bali 80363","Kafe dgn hidangan pizza dan menu internasional lainnya, dipadu dgn desain interior bernuansa retro dan funky.
·
Makan di tempat
·
Bawa pulang",08.00–23.00,08.00,23.00,0812-3810-9228,https://lh5.googleusercontent.com/p/AF1QipNZroTUB7GMvSSi50IIPgcLcmxTIB2IDERh8neO=w408-h306-k-no
Bella Vista Legian Coffee Shop & Juice Bar,4.6,"Jl. Padma Utara No.2B, Legian, Kec. Kuta, Kabupaten Badung, Bali 80361","Restoran serta kedai kopi dan jus bernuansa santai, dengan tempat duduk indoor & outdoor serta Wi-Fi.
·
Makan di tempat
·
Bawa pulang",08.00–17.00,08.00,17.00,(0361)763328,https://lh5.googleusercontent.com/p/AF1QipPMcby9TMYcsbA_FIHvrsz9QpTBVLQkO1HGYh1b=w425-h240-k-no
Café del Mar Bali,4.5,"Jl. Subak Sari, Canggu, Tibubeneng, Kec. Kuta Utara, Kabupaten Badung, Bali 80361","Restoran tepi pantai kontemporer yang menyajikan hidangan khas Mediterania, koktail, dan wine global.
·
Makan di tempat
·
Bawa pulang
·
Pesan antar",12.00–22.00,12.00,22.00,0811-3811-7171,https://lh5.googleusercontent.com/p/AF1QipN9KK1vVh7SqMUhqJUkqSk_q4Xv9Umb42lSHBXC=w408-h306-k-no
Revolver Espresso,4.6,"Jl. Kayu Aya No.Gang 51, Seminyak, Kec. Kuta Utara, Kabupaten Badung, Bali 80361","Kafe dan bar butik trendi yang menyediakan makanan rumahan, kopi khas, dan koktail.
·
Makan di tempat
·
Bawa pulang
·
Antar tanpa bertemu",07.00–23.00,07.00,23.00,0812-3842-8343,https://lh5.googleusercontent.com/p/AF1QipPyQq1YUwxOrXErbVikxq3fR0K345wcAddMOL3P=w408-h306-k-no
The Deck Cafe & Bar,4.3,"Batu Karang Lembongan Resort, Nusa Lembongan, Jungutbatu, Kec. Nusa Penida, Kabupaten Klungkung, Bali 80771",· Makan di tempat · Bawa pulang,07.30–22.00,07.30,22.00,(0366)5596377,https://lh5.googleusercontent.com/p/AF1QipNOYpZQPYghfMMHzuLFZW2TG5jILFtnOoHYVNlG=w408-h272-k-no
The Deck cafe,4.8,"Jl. Kayu Jati No.1A, Kerobokan Kelod, Kec. Kuta Utara, Kabupaten Badung, Bali 80361",· Makan di tempat · Bawa pulang,08.00–21.00,08.00,21.00,-,https://lh5.googleusercontent.com/p/AF1QipORXCqJxEnNjWnxU9yRGiItdkkw9qgLNY-w1Sdx=w408-h544-k-no
The Koop Roaster & Cafe,4.6,"Jl. Drupadi No.66, Seminyak, Kec. Kuta, Kabupaten Badung, Bali 80361",· Makan di tempat · Bawa pulang · Pesan antar,07.00–16.00,07.00,16.00,(0361)9347987,https://lh5.googleusercontent.com/p/AF1QipMocM5zE1TZ7tHBiVmJRgBMX8VuyXSzLzE2CfnW=w426-h240-k-no
Republique Cafe Seminyak Bali by iNi Vie Hospitality,4.9,"Jl. Dewi Saraswati No.88 A, Seminyak, Kec. Kuta Utara, Kabupaten Badung, Bali 80361",· Makan di tempat · Bawa pulang,10.00–22.00,10.00,22.00,0821-4659-4324,https://lh5.googleusercontent.com/p/AF1QipNiUB01EQr2frKUIaFcA79Uq6t6WceZ1CnbVHh1=w408-h438-k-no
Inlaws coffee,4.6,"Jl. Kediri No.88, Kuta, Kec. Kuta, Kabupaten Badung, Bali 80361",· Makan di tempat · Bawa pulang · Antar tanpa bertemu,08.30–23.00,08.30,23.00,0822-4748-4909,https://lh5.googleusercontent.com/p/AF1QipNiUB01EQr2frKUIaFcA79Uq6t6WceZ1CnbVHh1=w408-h438-k-no
Kopi Zeen: best cafe Bali Kuta,4.8,"75QH+8W9, Jalan Patih Jelantik Komplek Pertokoan Central Park, Kuta, Kec. Kuta, Kabupaten Badung, Bali 80361",· Makan di tempat · Bawa pulang · Antar tanpa bertemu,Buka 24 jam,Buka 24 jam,Buka 24 jam,-,https://lh5.googleusercontent.com/p/AF1QipOH7GNIV1EoWgJbkpdhlVVSNXsqKkW_EH9C7Hs1=s508-k-no
Koloni,4.5,"Jalan Raya Semat No.1 Canggu, Tibubeneng, Kec. Kuta Utara, Kabupaten Badung, Bali 80361",· Makan di tempat · Bawa pulang · Antar tanpa bertemu,08.00–22.00,08.00,22.00,0812-3905-4545,https://lh5.googleusercontent.com/p/AF1QipOFOjrgLFPPsdWoWeppvtHmuOubgdNzzLhwdLsF=w426-h240-k-no
Ida Cafe,4.7,"Jl. Campuhan II, Legian, Kec. Kuta, Kabupaten Badung, Bali 80361",· Makan di tempat · Bawa pulang · Pesan antar,08.00–15.00,08.00,15.00,0852-1102-0344,https://lh5.googleusercontent.com/p/AF1QipNxzoatdeYgBlySiEfRYxX9yEsmszQC-Xx2tGkC=w426-h240-k-no
Thedauncoffee and roastery,4.4,"Jl. Nelayan No.10, Canggu, Kec. Kuta Utara, Kabupaten Badung, Bali 80361",· Makan di tempat · Bawa pulang · Pesan antar,07.00–21.30,07.00,21.30,0859-3532-6552,https://lh5.googleusercontent.com/p/AF1QipNE1G25299ms4S4FS9hmYtvs7FyZ5YfwsF2zw1K=w408-h544-k-no
The Layers - Bakery & Eatery Bali,4.6,"Jl. Umalas 1 No.2, Kerobokan Kelod, Kec. Kuta Utara, Kabupaten Badung, Bali 80361",· Makan di tempat · Bawa pulang · Antar tanpa bertemu,07.00–21.00,07.00,21.00,0821-4408-7933,https://lh5.googleusercontent.com/p/AF1QipMvnFM0BTrFed30T8mpdtqHuy4lMjW1ugNiPEbW=w408-h544-k-no
Bias Courtyard Seminyak,4.7,"Jl. Petitenget, Kerobokan Kelod, Kec. Kuta Utara, Kabupaten Badung, Bali 80361",· Makan di tempat · Bawa pulang · Pesan antar,07.00–23.00,07.00,23.00,0819-9980-7888,https://lh5.googleusercontent.com/p/AF1QipNCxAgvk8rIgRx8fu6sva9kG4ci6o9_r5PH8637=w408-h408-k-no
Cafe Tane Bali,5,"Jl. Raya Babakan Canggu No.5, Canggu, Kec. Kuta Utara, Kabupaten Badung, Bali 80361",· Makan di tempat · Bawa pulang · Pesan antar,07.30–22.00,07.30,22.00,0821-4634-0599,https://lh5.googleusercontent.com/p/AF1QipP8RAiqw7oFYS0SjXhL4cjHwXt8qoqlpS6xcZJO=w408-h306-k-no
Dijon Food Specialties - CAFE & CATERING,4.6,"SIMPANG SIUR SQUARE, A Jl. Setia Budi No.B, Kuta, Kec. Kuta, Kabupaten Badung, Bali 80361","Tempat yang menyajikan aneka menu internasional dari bahan pilihan, juga menyediakan toko.
·
Makan di tempat
·
Bawa pulang
·
Antar tanpa bertemu",09.00–21.00,09.00,21.00,(0361) 759640,https://lh5.googleusercontent.com/p/AF1QipNy-rrHLmBm4F2S19o8Nt88BLoiuoOF7y_lg1z0=w426-h240-k-no
Cafe Favor,4.6,"84XX+QM5, Jl. Pantai Berawa, Tibubeneng, Kec. Kuta Utara, Kabupaten Badung, Bali 80361",· Makan di tempat · Bawa pulang,07.30–21.00,07.30,21.00,0821-4634-0599,https://lh5.googleusercontent.com/p/AF1QipMFASf6JbGt5jyc5RgPCc53ajDHsEEGNWYvVyMc=w408-h408-k-no
Doppio Cafe Pink,4.4,"Jl. Raya Basangkasa No.8x, Seminyak, Kec. Kuta, Kabupaten Badung, Bali 80361",· Makan di tempat · Bawa pulang · Antar tanpa bertemu,07.30–17.30,07.30,17.30,0812-3973-3067,https://lh5.googleusercontent.com/p/AF1QipMrf99sgMEtNV4PAyQbt0cjZUP00MFiwZFVPP9g=w408-h306-k-no
80's Cafe Bali,5,"Jl. Danau Tandakan No.5/1, Sanur, Denpasar Selatan, Kota Denpasar, Bali 80227",· Makan di tempat · Bawa pulang,17.00–00.00,17.00,00.00,0812-3973-3067,https://lh5.googleusercontent.com/p/AF1QipOaBGdvxzYZjNIIfTfZ5xYjQwyrEvThjYJNHFo-=w408-h306-k-no
Hard Rock Cafe,4.5,"Jl. Pantai Kuta, Banjar Pande, Mas, Kec. Kuta, Denpasar, Bali 80361",· Makan di tempat · Bawa pulang · Antar tanpa bertemu,11.00–01.00,11.00,01.00,(0361)755661,https://lh5.googleusercontent.com/p/AF1QipNUm35_HMKm8y5Cr9442WVAGWQ3N1-ZK8vJsRRu=w408-h271-k-no
Recolta Cafe,4.7,"Jl. Bypass Ngurah Rai No.33 - 34, Tuban, Kec. Kuta, Kabupaten Badung, Bali 80361",· Makan di tempat · Bawa pulang · Pesan antar,08.30–22.00,08.30,22.00,0852-1529-1001,https://lh5.googleusercontent.com/p/AF1QipOEZXmi10TJCAsGxPxcAsxoeon0c6C-j8OBAqIj=w408-h509-k-no
Canggu Cafe,4.3,"Parkiran Pura, Jl. Pantai Batu Bolong, Canggu, Kuta Utara, Badung Regency, Bali 80351",· Makan di tempat · Bawa pulang · Pesan antar,09.00–22.00,09.00,22.00,-,https://lh5.googleusercontent.com/p/AF1QipMRe-ipQ61MRu3DJZLga9wcRiWySiuWrbNvClyK=w426-h240-k-no
Café Bloom Bali,5,"Jl. Danau Toba No.12, Sanur, Denpasar Selatan, Kota Denpasar, Bali 80228",· Makan di tempat · Bawa pulang · Pesan antar,07.00–16.00,07.00,16.00,0811-388-270,https://lh5.googleusercontent.com/p/AF1QipPfADZKmz4A2Hi5eVgll9AkDTagU4FqP8Sk44yi=w408-h544-k-no
Cafe Gemitir Bali,4.7,"Jl. Nakula No.88, Pemecutan Klod, Kec. Denpasar Bar., Kota Denpasar, Bali 80119",· Makan di tempat · Bawa pulang · Pesan antar,11.00–22.00,11.00,22.00,0817-4780-001,https://lh5.googleusercontent.com/p/AF1QipP1Dh26oUuXNurjG3YGZxt6C60C-NtFKVptK0Yf=w408-h271-k-no
Amolas Cafe,4.8,"Jl. Kayu Tulang No.16, Canggu, Kec. Kuta Utara, Kabupaten Badung, Bali 80361",· Makan di tempat · Bawa pulang · Antar tanpa bertemu,07.30–21.00,07.30,21.00,0813-5323-4290,https://lh5.googleusercontent.com/p/AF1QipNUUbj0RPMbwwPOm1PoOJEH1iBPMlRpFO77TMk8=w408-h544-k-no
Give Cafe,4.7,"Jl. Canggu Padang Linjong No.85, Canggu, Kec. Kuta Utara, Kabupaten Badung, Bali 80351",· Makan di tempat · Bawa pulang · Antar tanpa bertemu,08.00–21.00,08.00,21.00,0821-4545-9316,https://lh5.googleusercontent.com/p/AF1QipMpTHcfoMwM_7davX29TesR0_B32GElN7zfSIHq=w408-h544-k-no
Kim Soo Home,4.4,"Jl. Kayu Aya No.21, Kerobokan Kelod, Kec. Kuta Utara, Kabupaten Badung, Bali 80361","Galeri peralatan rumah tangga desainer dengan kafe yang menyajikan kopi, camilan global, dan teras.
·
Makan di tempat",07.30–17.30,07.30,17.30,0822-4713-0122,https://lh5.googleusercontent.com/p/AF1QipNvXKumdoiNBVowZhQeQpQJQg-gEY0V79rzJyd6=w408-h544-k-no
Cafe Bali Seminyak,4.4,"Jalan Laksmana (Kayu Aya Seminyak Kuta, Kerobokan Kelod, Kec. Kuta Utara, Kabupaten Badung, Bali 80361",· Makan di tempat · Bawa pulang · Antar tanpa bertemu,07.30–23.00,07.30,23.00,(0361)736484,https://lh5.googleusercontent.com/p/AF1QipNQFk0pcVkwllfhHXCfKmeTHP2jtCF7Gse0nZ0A=w408-h264-k-no
Blacklist Coffee Roasters,4.8,"Jl. Tanah Barak No.6, Canggu, Kec. Kuta Utara, Kabupaten Badung, Bali 80351",· Makan di tempat · Bawa pulang · Antar tanpa bertemu,07.00–20.00,07.00,20.00,-,https://lh5.googleusercontent.com/p/AF1QipOZ54KAyuZVo4dGy_47fx40NKVAsqZj5-rmobVU=w426-h240-k-no
Semeja Coffee Bali,4.8,"Jl. Raya Kedampang No.7, Kerobokan Kelod, Kec. Kuta Utara, Kabupaten Badung, Bali 80361",· Makan di tempat · Bawa pulang · Antar tanpa bertemu,08.00–23.00,08.00,23.00,0858-5867-8056,https://lh5.googleusercontent.com/p/AF1QipOQBGj5twYb58Bk0LqnM-Z3no0j_Ey5WgT9g0JE=w408-h272-k-no
Lazy Cats,4.4,"Jl. Raya Ubud No.11, Ubud, Kecamatan Ubud, Kabupaten Gianyar, Bali 80571","Tempat menawan berdekorasi kuno dan trendi yang menyajikan beragam hidangan vegetarian.
·
Makan di tempat
·
Bawa pulang",08.00–21.00,08.00,21.00,0812-4652-4975,https://lh5.googleusercontent.com/p/AF1QipOQXJ08NlaB8z1fRmW2w9Q9u0I3MFCgUlc3PjUY=w408-h510-k-no
Moodest Cafe,4.5,"Jl. Tegal Cupek No.34, Kerobokan, Kec. Kuta Utara, Kabupaten Badung, Bali 80361",· Makan di tempat · Bawa pulang · Pesan antar,07.30–20.30,07.30,20.30,0877-8844-5509,https://lh5.googleusercontent.com/p/AF1QipN6uHMQaMgNJWRT5Y-5wcJ3NdB1xII0qtT4RYFU=w408-h544-k-no
Tis Cafe,4.6,"Jl. Raya Tegallalang, Tegallalang, Kec. Tegallalang, Kabupaten Gianyar, Bali 80561",· Makan di tempat · Bawa pulang,08.00–21.00,08.00,21.00,0813-5306-4109,https://lh5.googleusercontent.com/p/AF1QipMCGIBy-pLy1llpa1QAFNV7RZXSiIwFQQyn9LVE=w408-h544-k-no
Bali Coffee Club,4.8,"Gg. Meduri Lingkungan Taman Mertanadi No.5, Kerobokan Kelod, Kec. Kuta Utara, Kabupaten Badung, Bali 80361","Jaringan kedai kopi kasual yang menyajikan sarapan dan makan siang, serta kopi yang khas.
·
Makan di tempat
·
Bawa pulang",07.30–21.00,07.30,21.00,(0361) 9348918,https://lh5.googleusercontent.com/p/AF1QipPijnlXfzKJixu_ZvZclzwd7Or3UTaLU3N5kuFv=w408-h408-k-no
AOAO CAFE,4.9,"Jl. Patimura No.8B, Legian, Kec. Kuta, Kabupaten Badung, Bali 80361",· Makan di tempat · Ambil di tepi jalan,09.00–21.30,09.00,21.30,0813-3723-5037,https://lh5.googleusercontent.com/p/AF1QipPf8o1LYMtA9LzIAP5IK5O72dn7YxILgLymPdOv=w408-h306-k-no
Cafe Vida,4.4,"Jl. Pantai Batu Bolong No.38A, Canggu, Kec. Kuta Utara, Kabupaten Badung, Bali 80351",· Makan di tempat · Ambil di tepi jalan · Antar tanpa bertemu,07.00–22.30,07.00,22.30,0813-3988-6864,https://lh5.googleusercontent.com/p/AF1QipPA-2EpSJi1DN4JPewck3xn68JK4a4nGSGlvBBp=w408-h271-k-no
Bendino Cafe & Bistro BALI,4.6,"Jimbaran Arcade Jalan Uluwatu I / 177 M, Jimbaran, South Kuta, Badung Regency, Bali 80361",· Makan di tempat · Bawa pulang · Antar tanpa bertemu,08.30–23.00,08.30,23.00,-,https://lh5.googleusercontent.com/p/AF1QipNcoUASY3LlKxjzfSyvgQVFj44lFrNvYLC1Xnfw=w426-h240-k-no
Pissari Bali Cafe,4.8,"Jl. Monkey Forest No.88X, Ubud, Kecamatan Ubud, Kabupaten Gianyar, Bali 80571",· Makan di tempat · Bawa pulang · Antar tanpa bertemu,10.00–22.00,10.00,22.00,0812-3666-2661,https://lh5.googleusercontent.com/p/AF1QipOEDls9LtLlKtCflC_7YNVBxNvp50kbj6xN1C0J=w408-h307-k-no
Settled Cafe,4.9,"Jl. Muding Indah VII No.8, Kerobokan Kaja, Kec. Kuta Utara, Kabupaten Badung, Bali 80361",· Makan di tempat · Bawa pulang,01.00–22.00,01.00,22.00,0812-1948-5232,https://streetviewpixels-pa.googleapis.com/v1/thumbnail?panoid=_iRlsbs1pjYbv4TKdYrVcA&cb_client=search.gws-prod.gps&w=408&h=240&yaw=185.53745&pitch=0&thumbfov=100
Rise & Shine Cafe,4.7,"Jl. Canggu Padang Linjong No.71a, Canggu, Kec. Kuta Utara, Kabupaten Badung, Bali 80361",· Makan di tempat · Bawa pulang · Pesan antar,07.00–15.00,07.00,15.00,0812-1948-5232,https://lh5.googleusercontent.com/p/AF1QipMLSFs0zQsvfbynVfq_XyTFy5HyvFO9xX0xYE3_=w408-h306-k-no
Tekor Bali Cafe,3.7,"Jl. Double Six No.66, Seminyak, Kec. Kuta, Kabupaten Badung, Bali 80361",· Makan di tempat · Bawa pulang,10.00–22.00,10.00,22.00,(0361)735268,https://lh5.googleusercontent.com/p/AF1QipP76B_e1PCljTEkEhVb4k6P-EjFN4fbC_JwpH_0=w408-h306-k-no
Cafe Organic Bali,4.2,"No.99 X, Jl. Petitenget, Kerobokan Kelod, Kec. Kuta Utara, Kabupaten Badung, Bali 80361","Menyediakan makanan, sup, jus buah segar dan kopi yg menggunakan bahan organik. Tersedia wifi.
·
Makan di tempat
·
Bawa pulang
·
Antar tanpa bertemu",08.00–16.00,08.00,16.00,0859-1066-15890,https://lh5.googleusercontent.com/p/AF1QipMSNay8K5LnRtsS1gXWuChNJ9ZA-EFKTbOuKsfe=w408-h544-k-no
Sunny16 Cafe - Fontana Hotel,4.3,"Jl. Dewi Sri No.68, Legian, Kec. Kuta, Kabupaten Badung, Bali 80361",· Makan di tempat · Bawa pulang,Buka 24 jam,Buka 24 jam,Buka 24 jam,(0361) 8947100,https://lh5.googleusercontent.com/p/AF1QipPCMjcxmrjl_w_YEw1N_c-u60KG2sGvyaIGkp-J=w408-h272-k-no
Crypto Cafe Bali,4.7,"856C+X93, Seminyak, Kec. Kuta, Kabupaten Badung, Bali",· Makan di tempat · Ambil di tepi jalan · Pesan antar,08.00–22.00,08.00,22.00,0815-2933-3888,https://lh5.googleusercontent.com/p/AF1QipNQOyZTqdvzzJ7stCvOoCPW0rz6o8kj21P1fxdd=w408-h544-k-no
SANTÉ CAFÉ BALI,4.9,"Jl. Raya Kedampang, Kerobokan, Kec. Kuta Utara, Kabupaten Badung, Bali 80361",· Makan di tempat · Ambil di tepi jalan · Antar tanpa bertemu,08.00–22.00,08.00,22.00,0881-2111-211,https://lh5.googleusercontent.com/p/AF1QipMu8KhGmKy7azdro8O1rQHO2Adj7-ttfxKieNGt=w408-h544-k-no
Yellow Flower Café,4.4,"Jl. Raya Campuhan, Sayan, Kecamatan Ubud, Kabupaten Gianyar, Bali 80571",· Makan di tempat · Bawa pulang,07.00–21.00,07.00,21.00,0812-3889-9695,https://lh5.googleusercontent.com/p/AF1QipOJJWM_1NHX9IQx_kka_-0Vfe6Sw3ZS1Jo57C2K=w408-h307-k-no
Mövenpick Café,4.4,"Jl. Wanagiri No.1, Jimbaran, Kec. Kuta Sel., Bali, 80362",· Makan di tempat · Ambil di tepi jalan · Pesan antar,08.00–22.00,08.00,22.00,(0361)4725777,https://lh5.googleusercontent.com/p/AF1QipOw2sU3Kl0qinduhb8SWtlmM40VVRafN70QaSSB=w408-h272-k-no
Urban Cafe,4.3,"Jl. Raya Puputan No.10, Sumerta Kelod, Kec. Denpasar Tim., Kota Denpasar, Bali 80239",· Makan di tempat · Bawa pulang · Antar tanpa bertemu,09.00–23.00,09.00,23.00,0823-4067-8100,https://lh5.googleusercontent.com/p/AF1QipNRPWZR2wnDFLIbIROqort9O_kB9ejphbF6uKhG=w408-h305-k-no
Honey & Bread Cafe,4.4,"Jl. Bypass Ngurah Rai No.KM.25, Benoa, Nusa Dua, Kabupaten Badung, Bali 80361",· Makan di tempat · Bawa pulang,08.00–23.00,08.00,23.00,(0361)776316,https://lh5.googleusercontent.com/p/AF1QipPQVUUlGu9wwyz6S7fBJtcOCe9vOUg3GmTqW0vm=w408-h544-k-no
World Cafe Wahrung,4.5,"8584+JVW, Seminyak, Kec. Kuta, Kabupaten Badung, Bali 80361",· Makan di tempat · Bawa pulang,10.00–22.00,10.00,22.00,(0361)3705208,https://lh5.googleusercontent.com/p/AF1QipM77gc0ktLy280VvE_lgpYcjPjAolzYj4ZgHQGC=w408-h306-k-no
The Lost cafe,4.9,"Jl. Baturiti Bedugul No.108A, Batunya, Kec. Baturiti, Kabupaten Tabanan, Bali 82191",· Makan di tempat · Ambil di tepi jalan,08.00–17.00,08.00,17.00,0821-4626-9490,https://lh5.googleusercontent.com/p/AF1QipNd8phqRl9JxhNY4WHIfWOVLbiP2bqemDZYkfFy=w526-h240-k-no
Cafe Vespa,4.3,"Jl. Banjar Penestanan Kaja, Sayan, Kecamatan Ubud, Kabupaten Gianyar, Bali 80571","Beraneka macam kopi, teh, dan kuliner internasional disajikan di kafe bernuansa santai, serta Wi-Fi.
·
Makan di tempat
·
Bawa pulang
·
Antar tanpa bertemu",08.00–22.00,08.00,22.00,0812-3791-8530,https://lh5.googleusercontent.com/p/AF1QipNclZgMRrXyv7E8cGxlThr8Fn29dOT1TEC8CaOA=s451-k-no
Booster Coffee Bali,4.5,"Jl. Raya Sesetan No.23a, Sesetan, Denpasar Selatan, Kota Denpasar, Bali 80225",· Makan di tempat · Ambil di tepi jalan · Pesan antar,08.00–22.30,08.00,22.30,0878-2540-2697,https://lh5.googleusercontent.com/p/AF1QipM5-mA5LCLVVCXdCCWCDeZuFYw940IvsZOEi9zM=s517-k-no
BRUNO Allday Cafe,4.5,"Jl. Raya Puputan No.88, Dangin Puri Klod, Kec. Denpasar Tim., Kota Denpasar, Bali 80234",· Makan di tempat · Bawa pulang · Antar tanpa bertemu,08.00–22.45,08.00,22.45,0877-8314-2711,https://lh5.googleusercontent.com/p/AF1QipNsligZy_m2f8WqxFutV7HticgYtDrhVni0qi4H=w408-h272-k-no
Cafe latéO,4.6,"Jl. Gn. Semeru No.3, Pemecutan, Kec. Denpasar Bar., Kota Denpasar, Bali 80111",· Makan di tempat · Bawa pulang · Antar tanpa bertemu,13.00–23.00,13.00,23.00,(0361)424159,https://lh5.googleusercontent.com/p/AF1QipPfrFaDXbdwksuo_xfj4DZw51WBcPq9HmPfn0yX=w434-h240-k-no
Logo House Fashion & Cafe,4.4,"Jl. Merdeka No.8, Sumerta Kelod, Denpasar Selatan, Kota Denpasar, Bali 80239",· Makan di tempat · Bawa pulang · Pesan antar,10.00–22.00,10.00,22.00,0813-2545-7167,https://lh5.googleusercontent.com/p/AF1QipP6fioDconFY_RT7slJRgY-ijCPb3rb4nFXmN18=w408-h612-k-no
Veranda Cafe,4.4,"86RQ+CQ4, Jl. Hayam Wuruk, Panjer, Kec. Denpasar Tim., Kota Denpasar, Bali 80239",· Makan di tempat · Bawa pulang,09.00–22.00,09.00,22.00,(0361)248090,https://lh5.googleusercontent.com/p/AF1QipPTZUTYw7pbeM-ZYvJSUFhuJ9fgkGaLFH05obOo=w426-h240-k-no
Bali United Cafe,4.6,"Jl. Tribun Tenggara, Buruan, Kec. Blahbatuh, Kabupaten Gianyar, Bali 80581",· Makan di tempat · Bawa pulang,12.00–21.00,12.00,21.00,0888-0188-8888,https://lh5.googleusercontent.com/p/AF1QipOT4oi3_K6RAGzVputYslQNDThE18ZnpCobQYQs=w408-h544-k-no
Tophat Cafe,4.9,"Jl. Bedugul No.39, Sidakarya, Denpasar Selatan, Kota Denpasar, Bali 80224",· Makan di tempat · Bawa pulang · Antar tanpa bertemu,09.00–22.00,09.00,22.00,0897-768-5757,https://lh5.googleusercontent.com/p/AF1QipN2cNXqU1V99DvB4LrMii5Q02dlrzTtd143DLqO=w408-h544-k-no
Kafe Celebrity,4.4,"Jl. Sedap Malam No.174, Kesiman, Kec. Denpasar Tim., Kota Denpasar, Bali 80237",· Makan di tempat · Bawa pulang,Buka 24 jam,Buka 24 jam,Buka 24 jam,0812-345-4321,https://lh5.googleusercontent.com/p/AF1QipPKLd8iwPNOBrq6lsGF8Fx6KqlRx7M7cJknYsbM=s387-k-no
The Bare Bottle Kuta,4.6,"Jl. Bakung Sari Pertokoan, Jl. Raya Kuta No.D28, Kabupaten Badung, Bali 80361",· Makan di tempat · Bawa pulang · Pesan antar,07.00–17.00,07.00,17.00,0821-3561-9831,https://lh5.googleusercontent.com/p/AF1QipPxKFzGCT_uqrp8UejHA_4wyf-vp3ztjQ8UxJmh=w408-h408-k-no
Karsa Kafe,4.2,"Jl. Bangkiang Sidem, Keliki, Kec. Tegallalang, Kabupaten Gianyar, Bali 80571",· Makan di tempat · Bawa pulang,08.00–19.30,08.00,19.30,0817-344-658,https://lh5.googleusercontent.com/p/AF1QipPK-Qz4T12hNJpPFipI_FsSuWFaHytYxIqFN4C5=w408-h306-k-no
Flinders Cafe,4.8,"Jl. Merdeka IX No.9, Sumerta Kelod, Kec. Denpasar Tim., Kota Denpasar, Bali 80235",· Makan di tempat · Bawa pulang · Pesan antar,11.00–22.00,11.00,22.00,0812-3849-8164,https://lh5.googleusercontent.com/p/AF1QipNiVs7AfDIkx4WJDBh-lYxBFFox3itp3f9dUrUv=w408-h272-k-no
Coffee Shop Berawa,4.4,"Green Park Area, Pertokoan Berawa Corner, Jalan Pantai Berawa No 2 Near, Tibubeneng, Kec. Kuta Utara, Kabupaten Badung, Bali 80361",· Makan di tempat · Bawa pulang,07.00–21.00,07.00,21.00,0878-6017-7774,https://lh5.googleusercontent.com/p/AF1QipNe6QAkpa2qqnJuxFki-JMYdKSPwJnZzU6csCf1=w408-h272-k-no
Wanderlust Cafe Berawa,4,"Jl. Pemelisan Agung No.23, Canggu, Kec. Kuta Utara, Kabupaten Badung, Bali 80361",· Makan di tempat · Bawa pulang · Antar tanpa bertemu,06.30–22.00,06.30,22.00,0813-5325-8010,https://lh5.googleusercontent.com/p/AF1QipP01LOcucYgGH9nWp1nBxmo0wIynkgC17SJT1UP=w408-h725-k-no
Moon River Cafe,4.8,"Jl. Tukad Balian No.154A, Renon, Denpasar Selatan, Kota Denpasar, Bali 80226",· Makan di tempat · Bawa pulang,09.00–18.00,09.00,18.00,0877-8080-6698,https://lh5.googleusercontent.com/p/AF1QipNIQn1ib9TbvrnRQvEU9rAJnx6L5mgpa-77yogP=w408-h306-k-no
KAI Cafe & Bar,4.8,"Jl. Pantai Berawa No.77, Tibubeneng, Kec. Kuta Utara, Kabupaten Badung, Bali 80361",· Makan di tempat · Bawa pulang · Pesan antar,07.00–22.00,07.00,22.00,0889-7371-3889,https://lh5.googleusercontent.com/p/AF1QipP7Ze4j0zFcI93rZwhNsvGaBKgIZysyTWtv4QF1=w408-h612-k-no
Fayola Cafe-Gallery-Shop,4,"Jl. Puputan Baru Gg. E Jl. Raya Seminyak No.14, Seminyak, Kec. Kuta, Kabupaten Badung, Bali 80361",· Makan di tempat · Bawa pulang,08.00–22.00,08.00,22.00,(0361)736747,https://streetviewpixels-pa.googleapis.com/v1/thumbnail?panoid=yawD177h7O_5BD_fywAhLA&cb_client=search.gws-prod.gps&w=408&h=240&yaw=89.04555&pitch=0&thumbfov=100
Mustache Coffee Bali,4.7,"Br, Jl. Pantai Batu Mejan Jl. Canggu Padang Linjong No.29, Canggu, Kuta Utara, Badung Regency, Bali 80351",· Makan di tempat · Bawa pulang · Antar tanpa bertemu,06.00–18.00,06.00,18.00,-,https://lh5.googleusercontent.com/p/AF1QipOiMJ7CrNBXVMrKpS8w7-yjr0baMjUyQGuqkYLn=w408-h306-k-no
Cafe Venticinque Bali,4.7,"Jl. Canggu Padang Linjong No.25A, Canggu, Kec. Kuta Utara, Kabupaten Badung, Bali 80351",· Makan di tempat · Ambil di tepi jalan · Pesan antar,08.00–19.00,08.00,19.00,0813-3735-1526,https://lh5.googleusercontent.com/p/AF1QipNaz41YmFiy4ec3krQfmwOc3Dyt7vEzLufU_JlR=s387-k-no
Cafe Cream,4.6,"Jl. Raya Sesetan No.260X, Sesetan, Denpasar Selatan, Kota Denpasar, Bali 80223",· Makan di tempat · Bawa pulang · Antar tanpa bertemu,12.00–22.00,12.00,22.00,(0361)720449,https://lh5.googleusercontent.com/p/AF1QipO8E-tP4Bz5XpVnbxiWxRNc3Ctu6hKCHMPzA-an=w427-h240-k-no
Kebun Cafe Bali,4.5,"Jl. Sunset Road, Seminyak, Kec. Kuta, Kabupaten Badung, Bali 80361",· Makan di tempat · Bawa pulang · Pesan antar,08.00–22.00,08.00,22.00,0819-1642-2828,https://lh5.googleusercontent.com/p/AF1QipMK4o8rNMygCRq3AKB-uPq5XqcEzFTaJslfF0Qc=w408-h544-k-no
BEE's KNEES cafe,4,"Jl. Siligita Jl. Raya Nusa Dua Selatan No.3, Benoa, Kec. Kuta Sel., Kabupaten Badung, Bali 80361",· Makan di tempat · Bawa pulang,14.00–22.00,14.00,22.00,0822-4838-9993,https://lh5.googleusercontent.com/p/AF1QipO_EVylmXWZU4KeDDkeVtTYtIsjol4GsBnbNykr=w408-h544-k-no
Felicity Espresso,4.7,"Street, Jl. Arjuna Jl. Double Six No.99x, Seminyak, Kuta, Badung Regency, Bali 80361",· Makan di tempat · Bawa pulang · Pesan antar,07.00–22.00,07.00,22.00,0821-4617-7656,https://lh5.googleusercontent.com/p/AF1QipMq7lGTvDJ-sZBqJAp9h06X3hl8G_cH3HsruBs=w408-h544-k-no
Pancakes coffee cafe,4.6,"Jl. Nakula Barat No.97, Legian, Kec. Kuta, Kabupaten Badung, Bali 80361",· Makan di tempat · Bawa pulang,08.00–17.00,08.00,17.00,-,https://lh5.googleusercontent.com/p/AF1QipNKltE9Twhxv516VYzrIHjYPIecO8kr7AdW0YjJ=w408-h306-k-no
Fortunata Coffee Shop,4.9,"Canggu, Kec. Kuta Utara, Kabupaten Badung, Bali",· Makan di tempat · Bawa pulang,08.00–17.01,08.00,17.01,-,https://lh5.googleusercontent.com/p/AF1QipPsH2FTIq22aV6_B7Jp-t2KBZP9uUqnwGS8agI=w519-h240-k-no
PESSO cafe,4.7,"Jl. Bypass Ngurah Rai No.123, Semawang, Sanur Kauh, Denpasar Selatan, Kota Denpasar, Bali 80222",· Makan di tempat · Bawa pulang · Antar tanpa bertemu,09.00–22.00,09.00,22.00,0813-3972-2807,https://lh5.googleusercontent.com/p/AF1QipOA97H9rF8x02BbOh78w94uspoad6p836j4Q7tY=w408-h601-k-no
Monkey Cave Espresso Ubud,4.8,"Jl. Monkey Forest, Ubud, Kecamatan Ubud, Kabupaten Gianyar, Bali 80571",· Makan di tempat · Bawa pulang · Pesan antar,07.30–22.00,07.30,22.00,-,https://lh5.googleusercontent.com/p/AF1QipMAGb_MH84qia-be146b3rm_4wN5IOdyoIhD1yK=w426-h240-k-no
LOCALALA Bali,4.9,"Park23 Creative Hub, Jl. Kediri No.19, Tuban, Kec. Kuta, Kabupaten Badung, Bali 80361",· Makan di tempat · Bawa pulang,12.00–21.00,12.00,21.00,0819-2924-1936,https://lh5.googleusercontent.com/p/AF1QipM4Oe5Y-2NQkAnbLiPZU2ztx5sEQRvj1d-54XCz=w408-h725-k-no
,,,,,,,,
